<?xml version="1.0"?>
<!DOCTYPE package-info SYSTEM "http://www.elkarte.net/site/package-info">
<package-info xmlns="http://www.elkarte.net/site/package-info" xmlns:elk="http://www.elkarte.net/">
	<id>Spuds:Hideusernames</id>
	<name>Hide User Names</name>
	<version>1.0.1</version>
	<type>addon</type>
	<license><![CDATA[
/**
 * Hide User Names from Guests
 *
 * @author spuds
 * @license MPL 1.1 http://mozilla.org/MPL/1.1/
 *
 * @version 1.0.1
 */
]]></license>
	<install for="1.0 - 1.1.99">
		<readme parsebbc="true">readme.txt</readme>
		<license type="inline">This ElkArte addon is released under a MPL V1.1 license, a copy of it with its provisions is included with the package.</license>
		<require-file name="sources/hideusernames.subs.php" destination="SUBSDIR">Main processing files</require-file>
		<require-file name="hideusernames.english.php" destination="LANGUAGEDIR/english">Language files</require-file>

		<hook hook="integrate_buffer" file="SUBSDIR/hideusernames.subs.php" function="ob_hide_user_names" />
		<hook hook="integrate_general_mod_settings" file="SUBSDIR/hideusernames.subs.php" function="igms_hide_user_names" />
		<redirect url="?action=admin;area=addonsettings" timeout="5000">redirect.txt</redirect>
	</install>

	<uninstall for="1.0 - 1.1.99">
		<readme parsebbc="true">uninstall.txt</readme>
		<hook reverse="true" hook="integrate_buffer" file="SUBSDIR/hideusernames.subs.php" function="ob_hide_user_names" />
		<hook reverse="true" hook="integrate_general_mod_settings" file="SUBSDIR/hideusernames.subs.php" function="igms_hide_user_names" />
		<remove-file name="SUBSDIR/hideusernames.subs.php" />
		<remove-file name="LANGUAGEDIR/english/hideusernames.english.php" />

		<redirect url="?action=admin;area=packages;sa=browse" timeout="5000" />
	</uninstall>
</package-info>