<?xml version="1.0"?>
<!DOCTYPE package-info SYSTEM "http://www.elkarte.net/site/package-info">
<package-info xmlns="http://www.elkarte.net/site/package-info" xmlns:elk="http://www.elkarte.net/">
	<name>Bookmarks</name>
	<id>aaronvg:bookmarks</id>
	<type>addon</type>
	<version>2.5</version>

	<install for="1.0 - 1.0.99">
		<require-file name="sources/Bookmarks.controller.php" destination="CONTROLLERDIR" />
		<require-file name="sources/Bookmarks.subs.php" destination="SUBSDIR" />
		<require-file name="sources/Bookmarks.integration.php" destination="SOURCEDIR" />
		<require-file name="theme/Bookmarks.template.php" destination="THEMEDIR" />
		<require-file name="theme/Bookmarks.english.php" destination="LANGUAGEDIR/english" />
		<require-file name="theme/Bookmarks.french.php" destination="LANGUAGEDIR/french" />
		<require-file name="theme/Bookmarks.turkish.php" destination="LANGUAGEDIR/turkish" />
		<require-file name="theme/Bookmarks.german.php" destination="LANGUAGEDIR/german" />
		<require-file name="theme/Bookmarks.italian.php" destination="LANGUAGEDIR/italian" />
		<hook hook="integrate_general_mod_settings" file="SOURCEDIR/Bookmarks.integration.php" function="igm_bookmarks" />
		<hook hook="integrate_load_permissions" file="SOURCEDIR/Bookmarks.integration.php" function="ilp_bookmarks" />
		<hook hook="integrate_remove_topics" file="SOURCEDIR/Bookmarks.integration.php" function="irt_bookmarks" />
		<hook hook="integrate_display_buttons" file="SOURCEDIR/Bookmarks.integration.php" function="idb_bookmarks" />
		<hook hook="integrate_menu_buttons" file="SOURCEDIR/Bookmarks.integration.php" function="imb_bookmarks" />
		<database type="file">install.php</database>
		<redirect url="index.php?action=admin;area=addonsettings;sa=general" timeout="5000">redirect.txt</redirect>
	</install>

	<install for="1.1 - 1.1.99">
		<require-file name="sources/Bookmarks.controller.php" destination="CONTROLLERDIR" />
		<require-file name="sources/Bookmarks.subs.php" destination="SUBSDIR" />
		<require-file name="sources/Bookmarks.integration.php" destination="SOURCEDIR" />
		<require-file name="theme/1.1/Bookmarks.template.php" destination="THEMEDIR" />
		<require-file name="theme/Bookmarks.english.php" destination="LANGUAGEDIR/english" />
		<require-file name="theme/Bookmarks.french.php" destination="LANGUAGEDIR/french" />
		<require-file name="theme/Bookmarks.turkish.php" destination="LANGUAGEDIR/turkish" />
		<require-file name="theme/Bookmarks.german.php" destination="LANGUAGEDIR/german" />
		<require-file name="theme/Bookmarks.italian.php" destination="LANGUAGEDIR/italian" />
		<hook hook="integrate_general_mod_settings" file="SOURCEDIR/Bookmarks.integration.php" function="igm_bookmarks" />
		<hook hook="integrate_load_permissions" file="SOURCEDIR/Bookmarks.integration.php" function="ilp_bookmarks" />
		<hook hook="integrate_remove_topics" file="SOURCEDIR/Bookmarks.integration.php" function="irt_bookmarks" />
		<hook hook="integrate_display_buttons" file="SOURCEDIR/Bookmarks.integration.php" function="idb_bookmarks" />
		<hook hook="integrate_menu_buttons" file="SOURCEDIR/Bookmarks.integration.php" function="imb_bookmarks" />
		<database type="file">install.php</database>
		<redirect url="index.php?action=admin;area=addonsettings;sa=general" timeout="5000">redirect.txt</redirect>
	</install>

	<uninstall for="1.0 - 1.1.99">
		<hook reverse="true" hook="integrate_general_mod_settings" file="SOURCEDIR/Bookmarks.integration.php" function="igm_bookmarks" />
		<hook reverse="true" hook="integrate_load_permissions" file="SOURCEDIR/Bookmarks.integration.php" function="ilp_bookmarks" />
		<hook reverse="true" hook="integrate_remove_topics" file="SOURCEDIR/Bookmarks.integration.php" function="irt_bookmarks" />
		<hook reverse="true" hook="integrate_display_buttons" file="SOURCEDIR/Bookmarks.integration.php" function="idb_bookmarks" />
		<hook reverse="true" hook="integrate_menu_buttons" file="SOURCEDIR/Bookmarks.integration.php" function="imb_bookmarks" />
		<remove-file name="CONTROLLERDIR/Bookmarks.controller.php" />
		<remove-file name="SUBSDIR/Bookmarks.subs.php" />
		<remove-file name="SOURCEDIR/Bookmarks.integration.php" />
		<remove-file name="THEMEDIR/Bookmarks.template.php" />
		<remove-file name="LANGUAGEDIR/english/Bookmarks.english.php" />
		<remove-file name="LANGUAGEDIR/french/Bookmarks.french.php" />
		<remove-file name="LANGUAGEDIR/turkish/Bookmarks.turkish.php" />
		<remove-file name="LANGUAGEDIR/german/Bookmarks.german.php" />
		<remove-file name="LANGUAGEDIR/italian/Bookmarks.italian.php" />
	</uninstall>

</package-info>
