<?xml version="1.0"?>
<!DOCTYPE package-info SYSTEM "http://www.elkarte.net/site/package-info">
<package-info xmlns="http://www.elkarte.net/site/package-info" xmlns:elk="http://www.elkarte.net/">
	<name>IP Anonymize</name>
	<id>mariam:IPAnonymize</id>
	<version>1.0.0</version>
	<type>addon</type>
	<license><![CDATA[
/**
 * IP Anonymize
 *
 * @author Maria Mata
 * @license MPL 1.1 http://mozilla.org/MPL/1.1/
 *
 * @version 1.0.0
 */
]]></license>

	<install for="1.0 - 1.1.99">
		<readme type="file" parsebbc="true">readme.txt</readme>
		<license type="inline">This ElkArte addon is released under a MPL V1.1 license, a copy of it with its provisions is included with the package.</license>
		<database>add_settings.php</database>
		<require-file name="sources/ipanonymize.subs.php" destination="SUBSDIR" />
		<require-file name="themes/ipanonymize.english.php" destination="LANGUAGEDIR/english" />
		<hook hook="integrate_admin_areas" file="SUBSDIR/ipanonymize.subs.php" function="admin_areas_ipanonymize" />
		<hook hook="integrate_sa_modify_modifications" file="SUBSDIR/ipanonymize.subs.php" function="admin_ipanonymize" />
		<hook hook="integrate_list_scheduled_tasks" file="SUBSDIR/ipanonymize.subs.php" function="ilst_ipanonymize" />
		<hook hook="integrate_autotask_include" function="SUBSDIR/ipanonymize.subs.php" />
		<redirect url="index.php?action=admin;area=addonsettings;sa=ipanonymize" timeout="5000">redirect.txt</redirect>
	</install>

	<uninstall for="1.0 - 1.1.99">
		<hook reverse="true" hook="integrate_admin_areas" file="SUBSDIR/ipanonymize.subs.php" function="admin_areas_ipanonymize" />
		<hook reverse="true" hook="integrate_sa_modify_modifications" file="SUBSDIR/ipanonymize.subs.php" function="admin_ipanonymize" />
		<hook reverse="true" hook="integrate_list_scheduled_tasks" file="SUBSDIR/ipanonymize.subs.php" function="ilst_ipanonymize" />
		<hook reverse="true" hook="integrate_autotask_include" function="SUBSDIR/ipanonymize.subs.php" />
		<database>remove_settings.php</database>
		<remove-file name="SUBSDIR/ipanonymize.subs.php" />
		<remove-file name="LANGUAGEDIR/english/ipanonymize.english.php" />
	</uninstall>

</package-info>