<?xml version="1.0"?>
	<theme-info xmlns="http://www.elkarte.net/xml/theme-info" xmlns:elk="http://www.elkarte.net/">
		<!-- For the id, always use something unique - put your name, a colon, and then the package name. -->
		<id>webOasis:darktheme</id>
		<version>1.0.0</version>
		<!-- Theme name, used purely for aesthetics. -->
		<name>webOasis</name>
		<!-- Author: your email address or contact information. The name attribute is optional. -->
		<author name="Maria">info@youremailaddress.tld</author>
		<!-- Website... where to get updates and more information. -->
		<website>http://www.yourdomain.tld/</website>
		<!-- Template layers to use, defaults to "html,body". -->
		<layers>html,body</layers>
		<!-- Templates to load on startup. Default is "index". -->
		<templates>index</templates>
		<!-- Base this theme off another? Default is blank, or no. It could be "default". -->
		<based-on></based-on>
	</theme-info>